1018,Acaso Canada terrorista,Jere Klein
1004,Acaso Edgardo desgraciado,Karol G
1016,Jamas Edgardo desgraciado,Anuel AA
1003,Aqui Pan estancado,Bad Bunny
1012,Acaso Edgardo terrorista,Katteyes
1015,Aqui Bordoli estancado,Kidd Voodoo
1008,Jamas Edgardo estancado,Jere Klein
1009,Aqui Edgardo sangriento,Cris MJ
1001,Acaso Edgardo estancado,Lucky Brown
1019,Acaso Pan montanhista,Cris MJ
1011,Aqui Edgardo estancado,Bad Bunny
1006,Pronto Edgardo sangriento,Cris MJ
1005,Jamas Edgardo terrorista,Anuel AA
1014,Aqui Pan montanhista,Karol G
1010,Jamas Canada terrorista,Anuel AA
1017,Aqui Bordoli estancado,Anuel AA
1007,Jamas Pan terrorista,Katteyes
1002,Jamas Pan montanhista,Blessd
1000,deprisa Bordoli montanhista,Anuel AA
1013,deprisa Torre sangriento,Feid
